eeg_id,seizure_vote,lpd_vote,gpd_vote,lrda_vote,grda_vote,other_vote
3911565283,0.014305611,0.0102353245,0.007232815,0.01604166,0.030980622,0.921204
