eeg_id,seizure_vote,lpd_vote,gpd_vote,lrda_vote,grda_vote,other_vote
3911565283,0.0400695800781250,0.0873413085937500,0.0451965332031250,0.2988281250000000,0.3400878906250000,0.1884765625000000
