eeg_id,seizure_vote,lpd_vote,gpd_vote,lrda_vote,grda_vote,other_vote
3911565283,0.040069416,0.08734721,0.04518786,0.29885188,0.3400994,0.18844429
