eeg_id,seizure_vote,lpd_vote,gpd_vote,lrda_vote,grda_vote,other_vote
3911565283,0.15314536,0.18624626,0.18457283,0.12371217,0.16482657,0.18749683
